,A,B,C,D
2000-01-01,0.720184462706,1.14506812018,0.296745836292,1.40337180031
2000-01-02,0.0801797239448,0.881209228455,-0.00406953186004,2.63298001222
2000-01-03,-0.668265692587,-0.0489972080748,0.146389389413,3.64398115232
2000-01-04,-2.56045280596,-0.851943770031,0.776143135848,3.50327935584
2000-01-05,-3.17098508839,-0.725591829813,0.939509779233,4.26005920534
2000-01-06,-2.08629036103,-2.1953450132,1.78841163927,4.87318885756
2000-01-07,-2.71358738834,-2.12029811503,1.63105610573,4.12556264211
2000-01-08,-2.18784186853,-0.623889964868,-0.857832421785,3.25829336732
2000-01-09,-5.14244790156,-0.0883321268825,-1.84333562636,2.64394555695
2000-01-10,-6.62168327455,0.587062133324,-2.3383654964,2.45990821576
2000-01-11,-5.59408997938,0.695669191774,-1.61716615444,3.04688980522
2000-01-12,-6.08708080913,1.18082527012,-1.53195120434,4.61536239164
2000-01-13,-6.56817068688,0.771922895981,-1.84996782226,3.88985298791
2000-01-14,-7.73340368161,0.00115108515189,-1.86111572081,4.01506330319
2000-01-15,-7.34425961069,0.880773726326,-1.87578170902,3.74617120179
2000-01-16,-6.50350691877,1.02702625069,-3.5116377515,3.6497265813
2000-01-17,-5.788275633,-0.192543657497,-3.85530451267,2.22283179095
2000-01-18,-4.69267100627,-0.556918930807,-4.44564705529,2.47024165178
2000-01-19,-3.08505901663,-0.147120107805,-4.56990879704,2.75861631013
2000-01-20,-3.07936702548,0.824160741212,-4.47389929052,2.15598446574
2000-01-21,-3.21746847673,0.284854058193,-5.68633144748,1.37032197179
2000-01-22,-4.51182754299,0.202087433251,-4.9677413885,1.93960010826
2000-01-23,-4.94140714541,-0.0239877502156,-4.67605882088,0.295107184429
2000-01-24,-5.754384549,0.947736645217,-6.59865217273,-0.980154442496
2000-01-25,-5.78815753865,1.60604972437,-7.13016600176,-1.38285428049
2000-01-26,-4.85149243281,1.14366295358,-7.27289924492,-2.28989452633
2000-01-27,-3.54358190232,-0.0616505989637,-7.70806242868,-5.62043168015
2000-01-28,-2.64126819693,1.2026972401,-7.17859378618,-7.62186304915
2000-01-29,-3.53128141701,2.99305453246,-7.48575613591,-9.16238038993
2000-01-30,-4.71807447173,3.66236665227,-7.2459929049,-9.52405171294
2000-01-31,-5.41707583786,4.35366978645,-6.92328545369,-8.27988671011
2000-02-01,-5.63250631123,5.65664290156,-7.44017292063,-8.57326463771
2000-02-02,-4.7101353986,6.42189245156,-8.84583804402,-10.1217644167
2000-02-03,-7.24232957311,5.73499458295,-10.824620782,-10.8149125678
2000-02-04,-7.49285695018,5.47584031421,-9.01496455731,-9.57890401666
2000-02-05,-6.5749327766,5.7475818901,-10.3338018409,-10.342961046
2000-02-06,-6.50186770438,5.26638566667,-11.0860345167,-9.32328209164
2000-02-07,-5.82534257251,4.04219370551,-11.4742736997,-10.6428087869
2000-02-08,-7.14512531653,4.88883643169,-10.1913729984,-10.271404973
2000-02-09,-7.69737134279,5.70415020356,-9.90338737035,-11.6030406185
2000-02-10,-8.04109262792,4.00738343553,-10.6488817767,-11.3055505969
2000-02-11,-8.51546965682,3.74390975918,-10.0105604427,-9.51179151346
2000-02-12,-8.12937221912,3.90701271236,-11.8518721242,-9.05013397128
2000-02-13,-8.75116726829,4.89372515737,-10.5165341322,-8.2788817607
2000-02-14,-10.404765232,4.75972836171,-12.1378828805,-10.0785364205
2000-02-15,-9.68598461076,3.71539536503,-12.3307224856,-9.47723645936
2000-02-16,-8.96079693294,5.42347459692,-11.1448091594,-9.00196470007
2000-02-17,-8.9387900622,3.81140440979,-10.8540358881,-8.14871909242
2000-02-18,-7.94563810536,4.33587833357,-10.3609413969,-8.40510168454
2000-02-19,-7.33981952696,4.78779540559,-10.3676280484,-9.06787848463
2000-02-20,-6.19426499739,4.16420876357,-8.89552190246,-8.53720060483
2000-02-21,-7.88729572994,4.12738604609,-8.48168204665,-7.54405051512
2000-02-22,-7.1096850009,4.30247739272,-7.18436296941,-7.03560479852
2000-02-23,-6.75017364599,4.77632455294,-6.98059945452,-8.25840463333
2000-02-24,-6.09341267292,4.77933523853,-7.14719877162,-7.99635759452
2000-02-25,-6.27892573719,5.89771653333,-8.14222764507,-6.95562314383
2000-02-26,-6.11310425105,6.21413591533,-9.34732812125,-7.31219037767
2000-02-27,-6.19142079652,7.58463380859,-9.90920108184,-8.08881434235
2000-02-28,-6.22699959726,8.43888001048,-8.56733679843,-8.68966863432
2000-02-29,-5.54220814873,7.72516023786,-8.81407670167,-8.48785754446
2000-03-01,-6.79728804705,7.34922337287,-7.12848902184,-6.34923350131
2000-03-02,-8.84629605076,5.6082516511,-4.97619068391,-5.15808238121
2000-03-03,-8.08891484972,6.39722602656,-5.24572849696,-6.58745064693
2000-03-04,-7.34698721955,8.21812856635,-6.5389537198,-6.47631534193
2000-03-05,-5.44051922624,7.31156338506,-3.77453190595,-7.93030576992
2000-03-06,-5.67684520705,8.30692932717,-5.7423847834,-8.86212240939
2000-03-07,-6.189392496,9.08530142131,-5.12665367502,-8.03845091464
2000-03-08,-6.73126808231,7.98782197381,-6.45523572962,-7.16895570856
2000-03-09,-5.23990988053,7.78788739629,-4.98161753096,-8.62370866744
2000-03-10,-5.36928729645,9.06445453573,-7.2926961872,-8.86929823932
2000-03-11,-4.15855212443,12.3464659605,-8.72381396187,-8.40196353946
2000-03-12,-4.03444398103,11.7688702782,-8.48963224889,-8.63779742679
2000-03-13,-6.75312603713,11.2332769785,-8.12517339213,-10.0020526499
2000-03-14,-6.8991690731,10.4644289683,-9.66349449285,-9.50194913994
2000-03-15,-5.2519157226,9.72387525405,-8.34713547728,-8.40156213274
2000-03-16,-7.66201394703,10.2665827625,-10.0843162268,-7.35681279612
2000-03-17,-7.0301787968,10.4919749285,-9.24654056135,-8.10926036193
2000-03-18,-7.33136535834,9.24982039754,-7.50254889137,-9.09600222795
2000-03-19,-7.3919293645,10.0575884699,-7.70273606019,-9.52416721247
2000-03-20,-7.95473083841,10.2019577221,-7.76768883469,-11.4135707952
2000-03-21,-7.60299322781,9.42557420519,-9.99624502616,-11.1941217759
2000-03-22,-7.12578843739,9.48234905126,-10.6195823112,-10.3911820197
2000-03-23,-6.33497307994,9.71583218309,-10.8045480104,-9.01424228039
2000-03-24,-7.4978198854,9.68178801381,-12.8906196642,-9.41980549417
2000-03-25,-5.40930677805,8.80217042431,-12.6783073716,-8.66503429409
2000-03-26,-5.04882730033,7.35432758238,-13.0585085056,-9.98942437463
2000-03-27,-4.23828561628,6.95447688104,-13.5678211907,-9.68541092125
2000-03-28,-3.68550908083,5.61402191283,-13.2411653934,-9.78813258796
2000-03-29,-3.47402848735,4.79851590083,-13.3850513194,-9.46267318206
2000-03-30,-3.40922070811,3.34532931583,-14.0597990024,-10.031047212
2000-03-31,-4.57635210289,2.68603193365,-13.8073542831,-9.72512775546
2000-04-01,-5.30981952161,2.88653151386,-12.2985395494,-10.8414842753
2000-04-02,-6.27681172197,2.72565240035,-12.8672991365,-12.8586613059
2000-04-03,-8.1772738523,3.54718284965,-11.5246214137,-12.6073267585
2000-04-04,-8.16088679953,2.8710163877,-12.8683706802,-11.4589660401
2000-04-05,-8.36677067399,3.41586667936,-13.810278669,-10.9657224585
2000-04-06,-8.25871509092,4.24897184436,-14.4490147047,-10.4066497255
2000-04-07,-7.43675347606,4.48989294362,-15.1594259181,-11.5658807817
2000-04-08,-5.90826135238,3.77236310545,-14.799542485,-11.5432363729
2000-04-09,-5.312812959,1.91878570248,-15.8568285737,-11.2922608495
2000-04-10,-5.91897662213,1.30264205942,-15.8515140221,-11.3016139088
2000-04-11,-5.9069018918,1.62730023527,-14.5581361279,-10.380809918
2000-04-12,-6.98318002899,1.28075744233,-16.3221090684,-9.3659369312
2000-04-13,-7.56604438427,0.840349018952,-15.8945654304,-10.7343150642
2000-04-14,-6.12232574359,-0.203814080781,-15.1929319328,-9.95633833846
2000-04-15,-5.90755160683,1.11448758898,-16.2929308305,-9.96371949098
2000-04-16,-6.35440631159,-0.136106244009,-16.1738016995,-10.2995626615
2000-04-17,-5.4401690938,-1.60075099132,-15.8840796865,-7.99160921301
2000-04-18,-6.03640093116,-2.86359099909,-17.9180378195,-6.09783763579
2000-04-19,-3.85221547238,-2.50082856292,-16.5805716495,-6.83076750875
2000-04-20,-4.05901906527,-2.89596191958,-17.0089843629,-5.20454059044
2000-04-21,-3.39277824804,-2.17357700609,-17.7756545817,-2.79309602317
2000-04-22,-4.49605173823,-1.15005416083,-19.584256458,-3.78567592902
2000-04-23,-4.73107103828,-1.05886276576,-19.6383553606,-4.55028366171
2000-04-24,-5.09697458471,-2.23562096997,-19.5465620813,-3.31776464099
2000-04-25,-5.03788448975,-0.839000510847,-20.7643468861,-2.04292481575
2000-04-26,-6.16220368623,-1.39922797978,-19.9705439594,-4.21619552277
2000-04-27,-6.43104820427,-2.41238932271,-19.9541121119,-5.54281693267
2000-04-28,-5.54337871003,-2.21802906811,-20.1926393537,-4.54767098632
2000-04-29,-6.26454926331,-2.4714932337,-21.3474202601,-4.02004324621
2000-04-30,-5.38710655697,-1.32335497813,-21.8550437056,-3.11595990346
2000-05-01,-4.53823786708,-2.02903213482,-20.3769655811,-3.223411081
2000-05-02,-6.18424037612,-2.53996750519,-19.0910239995,-2.48707576751
2000-05-03,-7.43949637051,-2.07182325512,-18.7615686093,-1.54826990048
2000-05-04,-6.47110242489,-1.77754309461,-20.0574474094,0.0367946413085
2000-05-05,-4.90832549469,-3.65949232208,-21.6129265634,0.38286462668
2000-05-06,-7.15648625607,-3.97517861589,-20.0519998664,0.729158379539
2000-05-07,-8.334522904,-4.27482579494,-19.1648354036,0.589864820427
2000-05-08,-8.02094828415,-5.69179845596,-18.0190312639,-0.337846957116
2000-05-09,-8.38312197548,-4.81744245841,-17.315227217,-1.29449920911
2000-05-10,-8.13329143304,-5.07806795152,-16.556073464,-1.60199885519
2000-05-11,-7.89501521213,-4.31331726806,-16.9797984368,-2.20892803305
2000-05-12,-8.14672391818,-5.66708805061,-16.6570782546,-2.02192421569
2000-05-13,-8.42655612463,-5.83737868722,-16.7206435766,-4.53947501701
2000-05-14,-8.36476518264,-5.37567092861,-15.3160997924,-4.1071946369
2000-05-15,-9.63620993734,-5.59780445847,-15.2465490462,-3.07923344066
2000-05-16,-9.3516181612,-6.40108735996,-13.9437015736,-3.17990938619
2000-05-17,-10.4427890903,-6.55315826332,-13.157714601,-2.85401428331
2000-05-18,-10.355517546,-7.34205799657,-14.3213738424,-3.69325004529
2000-05-19,-9.2553454906,-9.08218588454,-15.2677497172,-3.46549784618
2000-05-20,-8.40179680875,-10.2506622393,-16.8431950304,-2.40222549903
2000-05-21,-8.51421632197,-10.3094784997,-16.6260700921,-1.48092702084
2000-05-22,-9.31034165815,-10.5607322173,-16.7950463216,-2.2463391388
2000-05-23,-10.8735747907,-10.2133850174,-15.0168579004,-2.03731813838
2000-05-24,-10.8306892901,-10.595539316,-17.0003986729,-2.29568120413
2000-05-25,-12.1421102901,-10.447619853,-17.361878534,-1.36033245193
2000-05-26,-11.9476326466,-11.6283639888,-17.1791934072,-0.489330051067
2000-05-27,-15.1298416812,-13.4096358975,-17.0104954079,-0.909410647248
2000-05-28,-15.3862600185,-13.2210981287,-16.5188750194,-1.47722219092
2000-05-29,-14.246180968,-12.9689315205,-15.0575589582,-2.6743463048
2000-05-30,-13.6519058684,-13.982812651,-13.9546147223,-3.70919680863
2000-05-31,-12.5850904714,-13.7058396215,-13.1670363157,-3.92749437297
2000-06-01,-13.5103697313,-12.553958269,-13.2090155821,-2.81212197528
2000-06-02,-13.7277753748,-12.865600826,-11.9957605314,-2.75417595197
2000-06-03,-12.752885217,-13.1503930562,-10.4901534637,-3.9823241126
2000-06-04,-13.4275121224,-11.1416577972,-9.9386032641,-2.40074769693
2000-06-05,-12.9159805674,-11.1210844079,-9.27083927414,-4.37997574392
2000-06-06,-13.4717253776,-12.3485941682,-9.26068523603,-5.56729009233
2000-06-07,-12.9851778165,-12.1482662726,-8.31846256185,-6.39362818336
2000-06-08,-15.0732547797,-12.3833901921,-8.33350746738,-7.14417637786
2000-06-09,-14.366887797,-12.0719830805,-8.56429546793,-7.40277756028
2000-06-10,-15.2385991921,-12.5344225049,-8.57898599764,-8.15908005575
2000-06-11,-14.6645703477,-11.6217132063,-10.094382134,-9.27168033575
2000-06-12,-15.5569656093,-10.7192240093,-9.57802406877,-8.22726818927
2000-06-13,-15.1427370131,-11.2206829683,-8.84018329259,-7.35221071809
2000-06-14,-14.0814116948,-12.0395503738,-8.82528155625,-8.44958370475
2000-06-15,-13.875833388,-11.9889204636,-8.73955649937,-7.95931772699
2000-06-16,-13.8150451321,-12.098367779,-6.87607334749,-6.16349653811
2000-06-17,-12.917272985,-12.183118377,-6.07844836598,-6.83606376327
2000-06-18,-12.5198193583,-11.4246852201,-5.91321506525,-7.27831207315
2000-06-19,-12.1595003941,-10.1620621854,-5.5790509528,-6.71799449969
2000-06-20,-12.4420537036,-11.7254856986,-4.94381322993,-8.25119384589
2000-06-21,-12.0554770063,-10.6911259919,-4.95336687637,-7.89219903319
2000-06-22,-12.0225922227,-10.6134461274,-6.46997047862,-8.98441515608
2000-06-23,-12.285753399,-12.6006425396,-6.5345893304,-9.68815173765
2000-06-24,-12.9798893584,-13.2062081041,-7.67222575774,-7.72377562614
2000-06-25,-12.0882161101,-12.4643682156,-7.53734485823,-4.69232256465
2000-06-26,-12.4494615855,-12.6379841442,-8.24868055755,-3.08348026511
2000-06-27,-15.6548152686,-12.6315078157,-6.79859670671,-1.76989006903
2000-06-28,-14.2252616224,-12.5943511229,-7.3260720311,-0.796558930575
2000-06-29,-13.2763975545,-12.7954905092,-5.87715176912,-1.57624277251
2000-06-30,-12.67594304,-12.01392196,-6.51983597885,-2.32918348054
2000-07-01,-12.7866874554,-11.7566542026,-7.15703384569,-2.62986476268
2000-07-02,-13.3434780977,-12.4309879029,-7.04011715628,-3.20911797599
2000-07-03,-13.971531621,-12.0392665896,-7.61052802587,-2.53206161287
2000-07-04,-14.823487273,-13.1655779175,-8.45020612686,-0.900108185824
2000-07-05,-14.2464251634,-13.3798311433,-7.68134995355,-1.8273601238
2000-07-06,-13.8146915465,-14.0368688459,-7.4453659332,-0.301143941144
2000-07-07,-13.2619132737,-13.0520125476,-7.79750620604,0.272603029022
2000-07-08,-13.9054451334,-15.2909066528,-8.7188123326,1.76283929237
2000-07-09,-13.9217244039,-14.181138328,-7.73962455453,1.2647664963
2000-07-10,-15.3795128001,-14.4553358971,-8.19105848253,2.17958548348
2000-07-11,-15.5588879833,-14.7990773188,-9.15262146601,2.26114653441
2000-07-12,-18.2567791369,-14.0130233751,-10.5287753089,1.14872845664
2000-07-13,-19.9839020417,-14.8109940114,-12.2617939995,2.49809691994
2000-07-14,-19.1698287319,-14.6702173224,-11.503360073,2.04984477963
2000-07-15,-18.4293137345,-14.392506119,-11.0472650277,4.78164951087
2000-07-16,-17.5148543635,-14.514003693,-10.3232694677,6.08621059483
2000-07-17,-18.2696409526,-15.0647014726,-10.3140830176,6.20949084868
2000-07-18,-18.7953138513,-14.2578943274,-11.2306867042,7.10208607514
2000-07-19,-20.9293068205,-12.3589303692,-12.5568728868,6.65855739172
2000-07-20,-20.7159337063,-12.5753414253,-12.7961539082,4.69257914286
2000-07-21,-20.8197253407,-9.16703510383,-10.8933187178,4.11178804435
2000-07-22,-23.3267951749,-9.40210922947,-8.39071506251,4.18019508894
2000-07-23,-23.3744438273,-9.08006962892,-9.35276619255,4.459300211
2000-07-24,-23.9236306904,-11.0300969702,-9.92269308988,2.44816658895
2000-07-25,-24.3023244491,-11.77103547,-9.32112216712,4.07797697542
2000-07-26,-24.4615437323,-13.6390514879,-8.68772822611,4.18853472076
2000-07-27,-24.0886786207,-13.2921400989,-9.14319541097,4.89766023566
2000-07-28,-24.6320145726,-11.5215444414,-8.91889231078,6.07805053572
2000-07-29,-23.8111719156,-11.9374669069,-8.21478781208,6.11561313253
2000-07-30,-24.7841683862,-11.8352616079,-6.22422504795,5.95687417962
2000-07-31,-25.6861475529,-12.8728625678,-8.95923939864,7.0414200658
2000-08-01,-27.7944734207,-12.0416212646,-8.75067934321,7.86903745889
2000-08-02,-27.5294422471,-11.1854921003,-9.70207332831,7.11616545427
2000-08-03,-26.7771283315,-10.3243380748,-9.36422277659,7.3687546632
2000-08-04,-26.007897705,-9.95041012042,-8.89888890236,6.36254017791
2000-08-05,-25.5439799942,-10.4620094999,-10.3087696877,6.55956994745
2000-08-06,-25.475349259,-9.88769836069,-9.80039324894,8.26523376569
2000-08-07,-25.3355690566,-7.89381897092,-11.0064585281,8.68375458748
2000-08-08,-26.0057199104,-6.8451112616,-9.87298377771,7.76773984323
2000-08-09,-26.2233285336,-6.85187438492,-10.7986767151,7.84218903303
2000-08-10,-25.242481046,-4.82343492392,-9.29517024767,6.26638954717
2000-08-11,-24.207518187,-4.06080333981,-9.27371089056,6.88915105019
2000-08-12,-23.0573667397,-4.15037817614,-9.87420071265,5.40088279388
2000-08-13,-22.9251094075,-6.04133433185,-9.50603514736,4.69812532645
2000-08-14,-22.5247285817,-6.4150921056,-7.34401315307,3.08517139788
2000-08-15,-22.0100808267,-7.48002211534,-6.33920081594,4.06541816517
2000-08-16,-22.0651144276,-5.5967960193,-5.17796232558,3.20011277727
2000-08-17,-21.7689767859,-6.17749508308,-4.64321256622,2.2125272505
2000-08-18,-21.3344526223,-6.69802632993,-3.74747547274,3.24204665289
2000-08-19,-22.5485257672,-5.65434900127,-4.35305167014,1.94337366222
2000-08-20,-22.3759888404,-7.14028982989,-4.2876567531,2.57143857347
2000-08-21,-21.4526672609,-7.43720429712,-4.19018398137,3.199215949
2000-08-22,-20.2793926517,-7.07015735626,-4.75882049032,1.88284624962
2000-08-23,-20.3322542651,-7.84834548831,-5.0109491996,2.79045201326
2000-08-24,-21.3224670634,-7.30894714297,-4.28728588045,3.77698381235
2000-08-25,-22.54245951,-5.93923671965,-3.93899551232,4.29438315507
2000-08-26,-22.3599538825,-4.55782148043,-3.59525054494,3.49173133202
2000-08-27,-21.7919012199,-4.63774326942,-3.51198707032,3.00135286022
2000-08-28,-21.9752352684,-6.31208359823,-5.0342453826,3.55729323297
2000-08-29,-20.6405660354,-5.3929180537,-5.2229545933,4.00100707959
2000-08-30,-21.3866190526,-5.31237561103,-6.53494279313,5.19002690428
2000-08-31,-21.7784199185,-4.82046876639,-6.78788814145,4.41314968539
2000-09-01,-22.0773451722,-4.17120692465,-7.45324839144,3.910498959
2000-09-02,-23.3007325563,-3.28768607611,-6.60569409312,2.48379263309
2000-09-03,-23.6144805079,-4.23494298674,-6.54907595048,2.00153131793
2000-09-04,-23.7848070853,-4.20376125008,-5.45357580168,1.1680325168
2000-09-05,-24.9695804289,-4.15826474502,-5.60097084689,1.68883243944
2000-09-06,-24.21567499,-2.22162730556,-7.77049834066,1.94661894872
2000-09-07,-23.9291479497,-1.73272562111,-8.22246694988,1.98050606673
2000-09-08,-22.2186936597,-0.999796352263,-9.24796974749,3.08642792717
2000-09-09,-20.8622713041,-1.81026349882,-7.66039236161,1.91368141524
2000-09-10,-21.3158912168,0.327987414173,-7.62702244682,1.56749104553
2000-09-11,-20.8983216959,-0.260096840567,-7.86638079542,1.83587051308
2000-09-12,-20.1965430871,-1.48633123068,-7.61985586148,2.87800728851
2000-09-13,-22.129733122,-1.18719347476,-7.66302730462,2.36864224853
2000-09-14,-21.8557283438,-1.87091046487,-7.29794979001,1.20763276299
2000-09-15,-23.59487827,-3.63178411419,-7.02759265215,0.254976913941
2000-09-16,-23.5549977491,-3.06947918604,-6.87027834812,0.850912393334
2000-09-17,-24.3620504764,-2.72061777521,-8.99624462929,0.62500507588
2000-09-18,-23.5087543408,-2.82146257532,-7.73865899791,2.00428728417
2000-09-19,-24.0128536435,-2.9064848132,-7.15313078087,0.563574518835
2000-09-20,-22.8209005406,-2.95353328698,-7.31825230285,0.272836433466
2000-09-21,-23.9070840625,-2.23211000575,-6.92411411688,-0.702905712122
2000-09-22,-23.5816792429,-3.56400274352,-8.11409682008,-1.35228363005
2000-09-23,-23.927777391,-2.71628063192,-8.55746329729,-2.61798084439
2000-09-24,-23.9311555227,-3.93852519369,-7.93159670879,-2.72576342466
2000-09-25,-24.4185362038,-3.88412013688,-8.67818675625,-1.99498702413
2000-09-26,-24.8078572449,-4.50349584314,-8.04974227484,-1.32154647415
2000-09-27,-23.2146102619,-6.8353654399,-6.42773774681,-1.70503148514
2000-09-28,-23.0731721049,-6.23171051716,-6.35685227183,-2.239051621
2000-09-29,-23.5533136239,-6.58422398676,-5.86251103859,-1.98768300836
2000-09-30,-21.1305870324,-6.86086910189,-5.69422394728,-2.38869413502
2000-10-01,-22.5271591641,-7.53130015623,-3.06104326698,-1.80859768979
2000-10-02,-21.3726161585,-8.21974135967,-3.52989485086,-2.04583115641
2000-10-03,-22.3362318917,-9.53853980464,-3.90301487476,-3.65066217767
2000-10-04,-21.644233583,-9.8854344705,-4.766455037,-4.7244493468
2000-10-05,-22.8750301827,-10.8764019825,-2.87305998239,-5.4515995407
2000-10-06,-21.6717383078,-10.6197547498,-3.69105676813,-6.19217185365
2000-10-07,-20.2723703199,-9.99452527816,-4.01876269086,-7.4877039068
2000-10-08,-21.524552321,-11.9631998825,-4.52720083269,-5.51821840748
2000-10-09,-21.7753850823,-12.6216193065,-4.60572789175,-5.72673919803
2000-10-10,-21.1360263622,-12.6280624859,-4.35716713483,-4.28806019164
2000-10-11,-20.8153906504,-13.0220525729,-2.77203698734,-3.91658196048
2000-10-12,-20.8662952402,-11.5484905682,-2.54689339261,-2.84272926062
2000-10-13,-20.7135217376,-11.6551793572,-1.42571043582,-3.52433132293
2000-10-14,-19.2293159467,-11.7618635252,-3.16881666836,-4.08359660931
2000-10-15,-20.8758248587,-11.4474635928,-2.76343366746,-4.41854548776
2000-10-16,-19.1117298601,-11.9668696798,-2.47363855345,-5.42735378732
2000-10-17,-19.3572471529,-12.5113211991,-2.74557949931,-3.1665990127
2000-10-18,-20.0021930103,-12.8894152071,-3.70577524659,-3.82036945296
2000-10-19,-19.8038331701,-11.2973245614,-3.20083094183,-3.97469618698
2000-10-20,-20.7820826201,-11.2531768156,-5.60234636596,-4.41807984914
2000-10-21,-19.8912266084,-10.4751234775,-5.25706326509,-3.53474628558
2000-10-22,-18.3422252348,-8.12002495638,-7.29848462931,-2.51931615941
2000-10-23,-18.6772457901,-7.89115365746,-6.0151443383,-0.535858746327
2000-10-24,-18.6495966422,-6.72372153772,-6.30043439489,-0.505909091243
2000-10-25,-21.1908677714,-6.44885898656,-5.66326181504,-1.59213004024
2000-10-26,-20.7509716045,-5.29254654567,-6.43294233012,-2.92333919888
2000-10-27,-21.732527498,-5.07804308101,-5.3506419042,-4.01732486392
2000-10-28,-23.5209798351,-5.07187616789,-5.00074654107,-3.17369847629
2000-10-29,-23.4140823806,-5.1645451817,-5.74705978126,-4.43370526422
2000-10-30,-24.4361413891,-5.39802114091,-5.79123488165,-2.35059936361
2000-10-31,-23.4102334416,-4.85815306109,-6.27648599103,-5.0017922244
2000-11-01,-22.6200101306,-2.91607363516,-7.31645974595,-3.35973591632
2000-11-02,-21.4716734002,-3.34275481198,-6.18808097049,-4.71718742958
2000-11-03,-20.6135004757,-4.0098986558,-6.16692751685,-6.72988110092
2000-11-04,-19.1912698848,-2.60269538537,-6.60103597152,-7.52361652125
2000-11-05,-18.8861772737,-4.31641053305,-5.65259270396,-6.55220453912
2000-11-06,-17.9119621909,-4.58808851066,-6.47322556592,-4.68511912964
2000-11-07,-16.6462076959,-3.70968904917,-5.37923141769,-5.41571245391
2000-11-08,-16.2468534488,-3.76984610419,-5.21757142132,-5.59787928319
2000-11-09,-15.0491169299,-4.09452257185,-5.1853582893,-7.1454379728
2000-11-10,-13.8894624074,-3.81909998535,-4.1079439584,-8.71437876339
2000-11-11,-14.1258573442,-4.02891057835,-3.47149889981,-8.87664812568
2000-11-12,-13.4629392796,-4.23890431332,-2.0045731862,-9.53715892313
2000-11-13,-12.4612805324,-4.02433831132,-1.36286917308,-11.5302274004
2000-11-14,-12.6589387589,-2.57417985192,-2.95597302386,-12.4324238228
2000-11-15,-12.6455990261,-3.4375837819,-2.41071457073,-13.7721732342
2000-11-16,-12.8837808783,-4.48847567637,-2.84239912819,-15.0132899233
2000-11-17,-15.1493784292,-6.36846599119,-0.609564094245,-16.3016389363
2000-11-18,-14.3334462937,-7.0425152535,1.61129645987,-16.337456859
2000-11-19,-15.2135038008,-8.64739922649,0.964259455564,-18.1508145071
2000-11-20,-12.7756643082,-9.71035944467,1.51308296973,-17.7723127064
2000-11-21,-14.7410969896,-11.8763612151,2.72511993561,-17.3989143115
2000-11-22,-15.3417396207,-13.5848415504,2.87233117899,-18.2619302901
2000-11-23,-16.312403702,-12.4373924379,2.04616008718,-17.540790186
2000-11-24,-14.6773108961,-12.1587947851,1.18438649157,-17.7227728907
2000-11-25,-13.7599985241,-13.2964240184,1.28635627037,-18.626061973
2000-11-26,-15.7842295973,-14.0427369269,-0.0190901786652,-18.5741027235
2000-11-27,-14.7860723646,-14.5786539691,1.29489284904,-18.8989107107
2000-11-28,-12.9248504661,-13.4309779371,1.2662659082,-19.5990435395
2000-11-29,-12.3558124287,-13.0986475478,-0.115540643037,-20.1433236439
2000-11-30,-12.7719663443,-13.1597559738,0.452171003821,-20.6563998544
2000-12-01,-14.0363273178,-12.88547891,-0.896759687588,-21.7510544906
2000-12-02,-14.6544574901,-11.515506953,-1.75926812988,-23.849203265
2000-12-03,-13.6346850459,-11.6563839803,-3.71232465654,-25.5889147299
2000-12-04,-14.1195088458,-12.1717733675,-2.79938582421,-24.3461989629
2000-12-05,-14.2253195049,-12.6549873941,-3.0767653189,-23.559394797
2000-12-06,-15.5958248211,-14.1641733713,-3.18746965,-23.5591895894
2000-12-07,-17.0963891541,-13.6607258493,-1.98052578172,-25.4838646394
2000-12-08,-16.4646227015,-12.8963102596,-2.6746151817,-26.1871132357
2000-12-09,-18.5349831348,-13.415683077,-4.19150321259,-26.5247473702
2000-12-10,-19.2947590338,-13.4362294752,-4.35041512579,-25.8261055896
2000-12-11,-18.7456272426,-12.9178466871,-3.71411793585,-27.6590357674
2000-12-12,-18.1118948805,-12.6177209932,-3.80147721112,-27.1426510929
2000-12-13,-18.1362885276,-10.4872859992,-2.97127175404,-26.772958917
2000-12-14,-18.1274160082,-10.2485530488,-2.82573902223,-24.360586082
2000-12-15,-19.5204560299,-11.8815722353,-1.24707047827,-24.3073942762
2000-12-16,-17.411287681,-13.6111702357,-1.85736286091,-24.3864968265
2000-12-17,-17.1921312794,-14.7002115737,-0.411372503161,-26.4030598288
2000-12-18,-17.520461269,-15.9187137337,-0.767035371121,-25.1326638749
2000-12-19,-16.9055047602,-16.4993312131,0.101272870564,-26.0813818465
2000-12-20,-17.7782890809,-15.5757438482,-0.232818362712,-24.5048380403
2000-12-21,-17.7925976314,-15.5249308852,-0.921998766719,-25.6672991226
2000-12-22,-17.4737499713,-15.5641117969,-0.584403827777,-25.4174106326
2000-12-23,-18.4764234728,-16.61980236,0.204081848364,-25.8518533472
2000-12-24,-20.6882509901,-15.9698540024,0.939229038964,-24.7696627394
2000-12-25,-19.368267858,-15.6124126408,0.403551803979,-24.6728266475
2000-12-26,-20.1933634407,-16.3070161091,0.169265954874,-25.0043419729
2000-12-27,-19.6249923053,-16.7688496486,-0.978056092856,-25.4571369043
2000-12-28,-20.2580337272,-16.5434828076,-3.29034949523,-26.6677290436
2000-12-29,-20.7010923504,-16.6938256498,-3.67105027474,-27.330183196
2000-12-30,-20.7693792744,-17.98246158,-4.83795896252,-28.0029961577
2000-12-31,-20.7783651994,-17.7435082021,-4.36773731579,-28.1937983338
2001-01-01,-19.8300648473,-15.925418652,-2.99171943483,-27.3186272259
2001-01-02,-18.4842083428,-15.6047955037,-3.06587820039,-27.1854335882
2001-01-03,-18.2956412198,-15.6214332434,-4.08199394761,-29.3833961073
2001-01-04,-18.370124325,-14.4617446921,-4.14933984767,-29.0733915988
2001-01-05,-18.6785038088,-14.5027454476,-5.79484785354,-29.3269719321
2001-01-06,-18.3762097602,-13.6432344496,-5.16649618186,-30.3331108978
2001-01-07,-18.4820863108,-13.6426121411,-5.14531472071,-30.6655412611
2001-01-08,-17.971848984,-13.5195206476,-6.50451094613,-30.5552485622
2001-01-09,-18.0253428682,-13.0692175916,-4.39288482061,-31.6314579715
2001-01-10,-18.1325239945,-13.843733208,-3.24449065255,-29.4048494134
2001-01-11,-16.4289523351,-13.7036657089,-3.5360388369,-30.5469052408
2001-01-12,-15.4674747272,-15.2049742471,-3.78013906008,-30.8594274105
2001-01-13,-15.5438684919,-15.6334398362,-5.39047130779,-30.8056054628
2001-01-14,-15.341958963,-16.0852686694,-5.47064948433,-30.4428694232
2001-01-15,-15.71758342,-14.4141968394,-5.19008367294,-29.5071811418
2001-01-16,-15.8855004053,-14.818681991,-6.95444944508,-30.0434695207
2001-01-17,-16.0956788958,-14.1285307001,-6.59107638678,-30.7032496582
2001-01-18,-17.7860580493,-12.4731034748,-7.52731883621,-30.6338210323
2001-01-19,-17.4832527973,-13.6895820415,-7.67497886091,-29.4573397817
2001-01-20,-16.838678388,-13.9656164353,-8.75210332106,-28.7002840538
2001-01-21,-16.4996816252,-13.8939767089,-9.24879429639,-27.750022885
2001-01-22,-16.4513636672,-12.3535786661,-10.4398564109,-26.8845294766
2001-01-23,-16.7792988086,-11.1850424348,-8.62660479485,-26.6133042987
2001-01-24,-15.9653434584,-11.9737223112,-8.90030937313,-26.8749074953
2001-01-25,-16.9159084457,-12.904917015,-10.8411988139,-28.1753801895
2001-01-26,-14.9850866255,-12.7295738685,-10.4776560182,-26.9862269681
2001-01-27,-14.3541693802,-14.3106976651,-10.4297355199,-26.010164744
2001-01-28,-14.7306648859,-14.5345722722,-9.71091069,-27.6925391621
2001-01-29,-14.9351484474,-13.3699565956,-9.73463277805,-26.3639263089
2001-01-30,-14.5159042553,-12.1216477002,-9.50185761917,-26.5953188941
2001-01-31,-15.8711577316,-12.809232374,-9.26944277919,-26.6078286208
2001-02-01,-16.5283914031,-13.8768612966,-9.9194959785,-26.3182688201
2001-02-02,-17.0380900797,-14.3159346553,-10.7755539288,-27.0860382235
2001-02-03,-16.0890704543,-13.8767735667,-11.624048147,-28.0513395256
2001-02-04,-17.221986681,-15.2111141708,-11.0898518906,-28.5385897038
2001-02-05,-16.4028446209,-16.3758091363,-10.9362084234,-27.9527284988
2001-02-06,-18.0411334747,-16.7591056271,-10.8713028531,-28.3707267185
2001-02-07,-17.2721414285,-16.5126374988,-11.2736069443,-28.7237071295
2001-02-08,-15.9372156917,-16.2710901074,-11.332027828,-29.7163142657
2001-02-09,-16.7229231494,-16.2056947478,-12.5012287163,-30.3741601625
2001-02-10,-15.3683409657,-16.5853698796,-12.0733099115,-30.4701577004
2001-02-11,-17.3892489752,-16.0708638353,-12.6121981944,-32.1506366494
2001-02-12,-17.0135975375,-15.4675050977,-12.9671048263,-31.5424880915
2001-02-13,-16.7263705959,-15.3676178424,-12.1972753109,-30.8388260355
2001-02-14,-16.4331902942,-15.579428773,-12.9391951872,-30.5729712324
2001-02-15,-15.4628879448,-15.9723396123,-11.843353644,-30.7422623186
2001-02-16,-15.9628911322,-16.3597649494,-11.9415827155,-29.6943888044
2001-02-17,-15.0706055736,-16.4521672297,-11.4476451883,-29.8809781806
2001-02-18,-13.3991379195,-17.6587178384,-11.3921106966,-30.1936692387
2001-02-19,-12.672053156,-16.5408428406,-11.0566778963,-30.3006749703
2001-02-20,-12.0135308477,-16.671941218,-11.565765828,-31.2264642376
2001-02-21,-11.1849930563,-16.5048795348,-9.90334640485,-29.5105168927
2001-02-22,-11.2056640357,-16.3519508692,-10.0306672385,-27.6821018045
2001-02-23,-11.3216140038,-14.4503854707,-9.91414499979,-28.378889556
2001-02-24,-8.9781621626,-15.1081709947,-8.97411035263,-28.0214269903
2001-02-25,-9.52748003257,-15.2660517412,-10.3152503938,-29.2064072045
2001-02-26,-10.4995999789,-14.1304952023,-10.1848690576,-29.571333145
2001-02-27,-10.8353091946,-12.4799380243,-10.9010666286,-29.3362924075
2001-02-28,-9.37946500228,-12.7259300733,-11.4197921213,-29.8559076038
2001-03-01,-10.1377783182,-11.4130296339,-10.7879723557,-29.7269891883
2001-03-02,-9.77599363622,-13.9480293861,-10.4623615324,-30.6065472612
2001-03-03,-8.78307406838,-15.7652805523,-11.6387880724,-30.9767051021
2001-03-04,-6.92373659875,-17.4529235879,-11.7161740334,-32.6575249035
2001-03-05,-6.53525983194,-15.9483060314,-12.1738443811,-33.0577396424
2001-03-06,-5.95643049065,-17.388757761,-12.3406295526,-32.4138467001
2001-03-07,-6.26705368998,-19.6760852544,-12.3374925837,-32.2592557967
2001-03-08,-6.59056443487,-19.8584229255,-12.9908904488,-32.0898742479
2001-03-09,-5.84011794313,-19.1348209723,-14.5385730871,-33.560264316
2001-03-10,-5.03373071838,-19.6380210545,-13.5753550343,-31.109231958
2001-03-11,-7.09750611646,-20.8835553867,-15.6649094008,-31.5122078666
2001-03-12,-7.69393988563,-20.9653019046,-15.4228383608,-31.0250842929
2001-03-13,-6.4087271282,-21.8328584601,-14.0715425937,-31.7254688099
2001-03-14,-7.02448437271,-20.3855252761,-13.4260397979,-30.9590488172
2001-03-15,-7.07936165923,-20.0184003965,-13.3629485313,-30.3382049801
2001-03-16,-8.69637138851,-20.844478351,-14.4590093183,-31.2479205635
2001-03-17,-7.83407172468,-23.3505586108,-14.4383683663,-31.5379263387
2001-03-18,-8.34858845949,-23.8661002631,-14.8149597102,-31.5288241157
2001-03-19,-7.52665509709,-25.1894570616,-14.3785812359,-31.0428625925
2001-03-20,-7.58820296012,-25.5645266405,-13.7484251249,-29.9930014029
2001-03-21,-8.26822016718,-25.8699400627,-13.2569422183,-30.7484186575
2001-03-22,-7.31565307411,-26.547744951,-13.9145481824,-30.0424699119
2001-03-23,-9.06974667225,-26.4218161348,-16.0817655614,-29.584971345
2001-03-24,-10.2658132131,-28.1651874701,-16.8896689965,-28.2346653118
2001-03-25,-10.5492783321,-27.4723097478,-17.600093079,-27.1491374644
2001-03-26,-10.8614469841,-26.3009727847,-17.1869844609,-25.8884468311
2001-03-27,-11.86076456,-27.2484442243,-16.9348527434,-24.925886468
2001-03-28,-12.0365024634,-26.6797950575,-16.6747317303,-25.14598464
2001-03-29,-11.5715088134,-26.7496345526,-17.4766576523,-23.0968888327
2001-03-30,-11.9923322084,-26.9043783849,-17.9505160044,-23.3927783733
2001-03-31,-13.4384905609,-27.2235805961,-18.8790253947,-23.2975771172
2001-04-01,-12.6506564096,-27.5103429364,-16.807564166,-21.3639261069
2001-04-02,-13.4740415894,-26.4449781759,-16.8339686572,-21.0141438919
2001-04-03,-12.5993188523,-24.7281682872,-15.2470897107,-18.3763787906
2001-04-04,-13.3951648764,-23.8251900974,-14.398209114,-19.1433294861
2001-04-05,-12.1680139481,-24.2319654327,-14.0126871539,-19.2963505702
2001-04-06,-12.4648920872,-23.6650077811,-14.2026437645,-19.3449027736
2001-04-07,-12.8280556864,-22.2906667125,-12.9901832926,-23.0249385001
2001-04-08,-13.5345356211,-22.7899053741,-13.520766132,-22.6950494086
2001-04-09,-14.5547404067,-22.3831559356,-14.4964331669,-20.8985738931
2001-04-10,-14.1367344649,-20.2359810893,-15.7941460805,-20.4866096186
2001-04-11,-14.1507390699,-21.0796684803,-16.3251238007,-20.6145622053
2001-04-12,-13.9861081572,-21.3777329852,-16.3398780843,-20.0007960003
2001-04-13,-14.9259616149,-21.2780647156,-15.5243412607,-21.7801245397
2001-04-14,-15.5433345278,-23.0959499263,-14.0947818069,-22.1243045166
2001-04-15,-14.8384147736,-22.2724765709,-14.7470491343,-23.1087116816
2001-04-16,-15.3187191211,-20.4044235904,-14.1845134721,-23.3408265498
2001-04-17,-14.7397079639,-21.3219401001,-13.0924717194,-23.3305692418
2001-04-18,-14.5630425159,-21.9481316241,-13.2839756894,-23.297614406
2001-04-19,-13.931640333,-19.8456912431,-12.4826201605,-23.6399435682
2001-04-20,-15.1209392818,-20.8037253941,-12.5113291641,-22.9135929629
2001-04-21,-16.0904897962,-19.6615577938,-11.232513773,-23.9118101332
2001-04-22,-16.3897160873,-19.9010797644,-10.874422195,-23.6021460449
2001-04-23,-14.978405011,-21.0319255882,-11.3756089703,-23.7316374897
2001-04-24,-14.9381949746,-19.9040544555,-10.668662114,-22.4356208613
2001-04-25,-14.8758767828,-21.0089343467,-11.0047028981,-22.4054499394
2001-04-26,-13.8690905907,-21.5606156788,-12.6902621141,-22.1122127022
2001-04-27,-13.3877023799,-20.8502525926,-13.007652389,-23.7166078953
2001-04-28,-15.1521757847,-20.8276247451,-11.7017218632,-23.6697612782
2001-04-29,-14.5500050995,-20.626264496,-11.2916396175,-23.284387854
2001-04-30,-14.3926658818,-20.837356682,-10.3426956862,-22.5977455416
2001-05-01,-14.6408484648,-21.6214179377,-10.9408695863,-23.3350518511
2001-05-02,-13.8504645715,-21.7797919129,-12.0665450808,-21.1874035312
2001-05-03,-12.7118215312,-21.177846809,-14.1484696968,-20.243133878
2001-05-04,-13.4294771126,-20.8920662684,-13.5034729549,-21.0639072575
2001-05-05,-12.7730484872,-21.3492989713,-15.2562841395,-23.4062869408
2001-05-06,-13.9978103592,-22.6585702766,-14.1988192613,-22.9430754818
2001-05-07,-11.6115740721,-23.1725866456,-12.3117648777,-24.0299058281
2001-05-08,-9.90904012264,-23.1242811326,-11.2290199443,-24.2328272439
2001-05-09,-9.54528672723,-24.4324469067,-11.1960359793,-24.3322233269
2001-05-10,-9.54436937815,-24.9757155055,-9.75688370097,-25.7623905698
2001-05-11,-8.34562048916,-24.3820257179,-8.99342981,-26.3773721587
2001-05-12,-7.86854808486,-23.8286788539,-8.96260858931,-27.7226340672
2001-05-13,-8.6279803817,-24.8724993139,-7.77983972828,-28.1521134349
2001-05-14,-5.94493892165,-24.5745855398,-7.94131786216,-29.5665663744
2001-05-15,-5.62879065517,-26.5059670733,-7.77234931885,-30.4475020694
2001-05-16,-4.63478777401,-25.3612793954,-8.18356371279,-28.7229221072
2001-05-17,-5.96547298321,-27.43859793,-10.0062555724,-29.3182325277
2001-05-18,-5.89255292458,-27.0055884312,-9.58662093999,-29.5241420172
2001-05-19,-4.66196634273,-27.5682431379,-10.1097075079,-31.0612642181
2001-05-20,-3.95290085757,-28.8856295929,-11.3386358213,-31.0669066766
2001-05-21,-1.08083740152,-29.8092729375,-11.840349243,-30.8143682812
2001-05-22,-0.640636859083,-29.3645467823,-10.2765721295,-31.2071033868
2001-05-23,-0.602184452382,-30.0346243021,-11.3999867631,-31.4652841825
2001-05-24,-0.170678639658,-31.6464343632,-11.0562103321,-32.6927103558
2001-05-25,-0.549302224869,-31.782015496,-11.9155226539,-32.079207796
2001-05-26,-0.257985750408,-31.710861695,-12.174498603,-32.0078421417
2001-05-27,1.24348337851,-30.5819343619,-12.7438889792,-32.0954901735
2001-05-28,0.43462703409,-31.1403340947,-11.2374874062,-32.6964542588
2001-05-29,-0.425787576331,-29.9795648472,-10.7163761879,-33.6340929165
2001-05-30,0.174237309907,-28.320548822,-11.8985123713,-34.3775471867
2001-05-31,1.56374224341,-26.9072057296,-10.5680277926,-33.3416025829
2001-06-01,2.17879693838,-27.652760659,-10.1535707285,-33.1583719262
2001-06-02,3.77276268986,-26.9932965163,-9.70087495609,-32.4055428226
2001-06-03,4.41006584991,-26.0210428905,-10.2965590457,-30.9717506956
2001-06-04,3.57608390907,-26.6409724833,-10.8065644603,-30.9561106927
2001-06-05,3.87702092468,-26.6840742798,-10.3273672906,-30.1007289298
2001-06-06,4.47262853922,-27.5311927281,-8.59419414606,-29.1795907227
2001-06-07,2.67715555644,-26.7599887457,-7.01894460184,-26.4116671458
2001-06-08,2.15732129642,-25.4125010837,-7.56913661621,-25.405435322
2001-06-09,2.3774354485,-25.5232690337,-8.31176128648,-25.7405887564
2001-06-10,2.90172342002,-25.8174484389,-9.11954474764,-25.7787827009
2001-06-11,2.7299534512,-25.2636679299,-8.54516486969,-25.4532852989
2001-06-12,2.01488218971,-23.6823694717,-10.1356111132,-24.4495256306
2001-06-13,0.945294505751,-24.5527638725,-12.0092142107,-25.8859079915
2001-06-14,1.09143493837,-26.0922296446,-11.3661411836,-26.0259227268
2001-06-15,0.384504491595,-25.2151652377,-12.3103117088,-27.0466030441
2001-06-16,0.299129561236,-25.4493594684,-13.2394251717,-26.4471042913
2001-06-17,1.60132390476,-25.0690462194,-11.9403529657,-28.2909130452
2001-06-18,1.5949978432,-25.3446579782,-11.5917425318,-27.638748235
2001-06-19,2.50696080958,-24.45911716,-12.0028034356,-28.6813596212
2001-06-20,2.94041538113,-24.7150566421,-11.1191902634,-28.3475857821
2001-06-21,0.849641937649,-25.0746907568,-10.6267537178,-27.8738770426
2001-06-22,1.60203921089,-23.9322257299,-11.602601554,-28.8738113547
2001-06-23,2.47422609405,-22.5234595243,-11.8689988341,-29.4772536833
2001-06-24,3.36781961919,-22.3339089052,-9.68158682804,-29.2959070214
2001-06-25,2.58366241152,-23.5687926043,-9.54128199867,-29.750486765
2001-06-26,2.44211044627,-24.0132562094,-8.06566126893,-29.868208324
2001-06-27,3.28023535496,-24.3362072587,-9.18272981055,-29.3476334569
2001-06-28,3.79257598746,-23.1739731697,-7.88016107305,-26.6179981365
2001-06-29,3.06321886778,-22.5183866013,-8.79128352488,-25.4368731873
2001-06-30,2.26734408513,-24.4817240453,-7.5976544861,-27.7704345205
2001-07-01,3.30740241187,-25.0535129064,-8.44115780725,-28.7937443649
2001-07-02,2.89269820562,-24.900849304,-9.06320499236,-29.1536319474
2001-07-03,2.57307888456,-24.2765733934,-9.45206927225,-28.6753996692
2001-07-04,4.28654405547,-25.3512346249,-8.89936641971,-28.9176759772
2001-07-05,5.50890865389,-26.6995678733,-8.42833570094,-28.8988265676
2001-07-06,4.23654425137,-27.9187458082,-8.30736161484,-30.5333620324
2001-07-07,5.34989396552,-28.5609903656,-7.81413014976,-30.7536307591
2001-07-08,5.64735446697,-29.5123595178,-7.95911441651,-30.2909540517
2001-07-09,4.57238105918,-27.6156559536,-8.57437071498,-29.1457536831
2001-07-10,5.70066481906,-28.2079661819,-9.46037451391,-26.9761273441
2001-07-11,5.96165136418,-28.5976256472,-9.30788715469,-27.349973598
2001-07-12,4.29267146307,-26.92395622,-9.64298062999,-27.1589082768
2001-07-13,3.98612612009,-27.7291327987,-10.6997146512,-28.8226704118
2001-07-14,4.28073139316,-26.6477562057,-10.424270057,-30.3410153617
2001-07-15,5.10888347112,-26.3058437253,-9.60572398552,-31.6380303559
2001-07-16,4.5056160507,-25.7615855309,-9.98687482559,-31.5153871823
2001-07-17,4.02721984711,-25.6434733274,-11.0754506584,-30.9167987547
2001-07-18,3.49261312537,-26.2568120236,-10.5466047303,-32.705734272
2001-07-19,2.66261755255,-26.1758778603,-11.3119622044,-33.4050420849
2001-07-20,2.91049618532,-26.4573178226,-11.3868850933,-34.0934905031
2001-07-21,1.84693295956,-28.240968281,-12.742556078,-34.0085808178
2001-07-22,1.76538473727,-29.3832899421,-14.0544317959,-33.5421727535
2001-07-23,0.786812570993,-28.7843671258,-14.559562422,-33.7549390087
2001-07-24,1.42971295689,-29.4747535744,-15.7309820839,-33.819689447
2001-07-25,2.40097109351,-27.9803866505,-16.963767871,-33.3994374537
2001-07-26,4.06528423899,-26.6347972043,-15.972657234,-33.9221750312
2001-07-27,4.59345779824,-26.9827606434,-15.1266561714,-33.2163158927
2001-07-28,5.53734100572,-28.3311561969,-15.7182476058,-34.27334314
2001-07-29,5.47214852008,-28.0631693713,-13.975568637,-33.9730480671
2001-07-30,6.25516633232,-26.2294047128,-14.9050891081,-34.0582742657
2001-07-31,6.57297685127,-27.5023871154,-16.8608993876,-34.9098712001
2001-08-01,7.24878582572,-27.474985864,-17.080416002,-34.9669692788
2001-08-02,5.35586119364,-25.7964847392,-17.0316911444,-33.6039882957
2001-08-03,5.06070209365,-26.6321508059,-16.6336559379,-32.4577931528
2001-08-04,5.4261515024,-25.3821398983,-16.2281008386,-32.7136557212
2001-08-05,5.84824889704,-24.1913170072,-15.2440391533,-32.1387911296
2001-08-06,6.96992737234,-22.4972345722,-16.4373016197,-31.2192291328
2001-08-07,6.46138240082,-21.9520790413,-15.0302216436,-32.2072384412
2001-08-08,5.97184478066,-22.7474614673,-15.6403160326,-31.6762365774
2001-08-09,4.50902986752,-22.029717044,-14.6685206589,-30.8086123789
2001-08-10,4.33190606707,-21.338797491,-15.3586626308,-30.1064176231
2001-08-11,3.25124250156,-22.4629610855,-15.969372224,-30.0355554702
2001-08-12,4.63802667276,-22.8969782577,-16.2233484998,-29.8770270111
2001-08-13,5.35312413246,-23.5469690095,-17.8135995983,-29.8522238707
2001-08-14,4.31343422656,-22.6784364003,-17.6321349048,-29.8479485821
2001-08-15,3.44449571128,-22.8407907711,-17.6975938572,-29.7266945652
2001-08-16,3.68279169316,-21.7931850236,-17.5687744818,-31.2813867108
2001-08-17,2.41636333376,-21.1539614264,-16.5914342413,-31.8728854494
2001-08-18,3.55047215462,-21.2779832295,-15.9154966329,-32.5733711635
2001-08-19,4.00416129622,-22.1844072833,-14.7430831933,-32.3321708334
2001-08-20,4.207785108,-23.6210807128,-15.2441157099,-31.0559622464
2001-08-21,5.09984828911,-24.5118598893,-15.2184966198,-30.7511914576
2001-08-22,5.35974671116,-26.4322594842,-15.4413768509,-30.613616653
2001-08-23,5.79333203106,-25.0412427487,-16.7383548488,-30.5433150086
2001-08-24,5.16592640401,-25.1581276424,-17.1092290007,-30.9683612839
2001-08-25,5.17847932777,-25.8587440119,-16.9767316655,-32.1167985321
2001-08-26,6.4269001313,-25.7716740894,-17.8111043506,-32.247403054
2001-08-27,6.8677191538,-23.3211938051,-18.8767940028,-32.8218658297
2001-08-28,6.5894659311,-24.4682080971,-19.0903638108,-31.133955688
2001-08-29,6.08914419074,-23.653694697,-19.5256234944,-30.6213165651
2001-08-30,4.8814908092,-23.2831121172,-19.1257437701,-30.0294040909
2001-08-31,6.69952472969,-22.8095795583,-19.1788674525,-28.8060549024
2001-09-01,6.81392768491,-21.7866324824,-19.3298125004,-28.3817643607
2001-09-02,7.25329689564,-21.3801410574,-18.5453903306,-28.050370982
2001-09-03,6.8768178243,-24.1139201506,-17.2816859712,-28.4256422942
2001-09-04,8.85846526329,-24.1023028104,-16.9419941229,-28.0053150493
2001-09-05,9.82774753531,-24.1764540989,-18.4265413975,-29.1391635863
2001-09-06,9.11433022378,-25.2730281447,-16.8740619881,-30.1356194512
2001-09-07,8.21248709127,-25.6701697224,-16.1098595499,-29.6300366505
2001-09-08,5.95780440945,-26.2383487143,-16.210284024,-28.7532705457
2001-09-09,7.36814108504,-25.6747108259,-17.9594099803,-30.1949912933
2001-09-10,6.86030896182,-26.3925970297,-18.7203663148,-31.0927807265
2001-09-11,6.63490905218,-25.4600698216,-18.9191902418,-33.4514975766
2001-09-12,7.30362236286,-25.7749723626,-19.6163871461,-31.6509310571
2001-09-13,7.57485628724,-25.0607991105,-20.8063200472,-30.2744844874
2001-09-14,8.11550469474,-26.4949238123,-22.1172056516,-30.053184457
2001-09-15,6.51345994478,-25.7435118523,-23.4571762377,-31.6235599231
2001-09-16,6.54885876035,-25.2197481648,-22.1413848017,-31.3678716848
2001-09-17,4.52284469493,-23.7720814989,-24.146110199,-31.4322402819
2001-09-18,2.99156854709,-24.1372679439,-25.4591260118,-32.5471905888
2001-09-19,2.12991740961,-22.3525046926,-26.7392714847,-32.257442041
2001-09-20,2.47666777046,-22.6159795869,-26.5603675927,-31.0142088983
2001-09-21,2.13947606371,-21.7398334278,-27.4520507809,-30.8690514327
2001-09-22,0.935666615432,-24.1280471717,-27.3175988536,-32.7669426111
2001-09-23,-0.701827273639,-22.3099671904,-26.4997404836,-32.8236444323
2001-09-24,0.6339555653,-21.9227898589,-24.8071568547,-31.7271295045
2001-09-25,-0.0824221255276,-21.6543493922,-26.2067673374,-31.5694266232
2001-09-26,-0.882664299998,-20.8628461129,-26.3218715418,-28.9936203862
2001-09-27,0.763469904511,-21.3647361433,-25.893759956,-29.7283698649
2001-09-28,0.417152959371,-21.2300463993,-25.8162086626,-29.059436836
2001-09-29,0.292672914176,-20.7674683915,-26.2707121897,-29.2882559208
2001-09-30,-1.29111879981,-19.955476924,-25.4489034236,-29.1828344323
2001-10-01,-1.20324007084,-20.7832657803,-25.8804518927,-29.3727163736
2001-10-02,-2.89935446268,-21.4406427893,-25.6009024661,-28.2071342519
2001-10-03,-1.8244030837,-20.6625588985,-25.0211101509,-26.9275532374
2001-10-04,-0.80865845165,-22.2968471885,-23.2128135391,-27.2311766087
2001-10-05,-3.24606246933,-20.8124276942,-23.382933344,-26.5299828932
2001-10-06,-3.14626529205,-21.8199174105,-23.3554364153,-28.2872052195
2001-10-07,-2.58601973135,-23.3478583488,-22.9493601996,-27.2844168322
2001-10-08,-1.70238983932,-21.7414670368,-23.1846932543,-26.4589503349
2001-10-09,-1.00145202959,-23.3261462288,-23.0688311972,-27.6481850776
2001-10-10,-0.502013448029,-24.0276794393,-24.2650347703,-29.0546656484
2001-10-11,-0.752170639067,-25.9001286224,-25.0148293515,-30.2364729105
2001-10-12,-2.54042968856,-23.6434352658,-24.911519893,-30.9839391908
2001-10-13,-2.63208146239,-24.3461403389,-23.7550198214,-32.8154461832
2001-10-14,-1.77090734354,-23.5967914726,-24.2621489106,-33.8152507126
2001-10-15,-3.41352844419,-24.6368513248,-25.0048883404,-33.2726157339
2001-10-16,-2.44831004693,-25.0078157974,-25.3651904341,-32.3919983899
2001-10-17,-1.15361137399,-25.4872647535,-25.8043306462,-31.4241888903
2001-10-18,-1.24429645455,-26.3143647181,-25.7900113925,-29.4366963162
2001-10-19,-0.427811841767,-24.6801088408,-25.5872215841,-28.9007678397
2001-10-20,-0.90965720163,-23.1834509664,-26.1482911111,-29.6797109107
2001-10-21,-1.47609374859,-22.4998906259,-26.945415119,-28.6070693281
2001-10-22,-2.06312849616,-21.1831714521,-27.7972018035,-28.9298226278
2001-10-23,-3.89433551169,-22.2539113845,-28.5267827021,-30.0416678581
2001-10-24,-4.11685400316,-21.5986938502,-30.8752704139,-31.4018146029
2001-10-25,-4.73526176543,-22.4644418343,-31.0863165525,-33.2874828999
2001-10-26,-4.75098899755,-22.6866945654,-31.8611926091,-31.5669311818
2001-10-27,-2.01395376849,-23.2934325546,-30.800959692,-32.3353401191
2001-10-28,-1.9548423119,-22.1650263059,-28.8006713501,-32.9825275688
2001-10-29,-1.37809936064,-21.9614700928,-31.0956862953,-33.5226149932
2001-10-30,-2.48962096061,-23.3799007551,-29.8165271301,-34.0171313698
2001-10-31,-3.347580581,-23.783975768,-28.8920972764,-32.6969072673
2001-11-01,-3.58692895788,-23.6202844328,-30.0881619454,-34.485973398
2001-11-02,-3.03359320625,-23.5048483276,-30.5943293242,-34.8748630045
2001-11-03,-3.98224946228,-22.0447395965,-31.0837490691,-33.2798123025
2001-11-04,-5.58163276528,-22.4070249039,-31.5788272839,-34.1543283709
2001-11-05,-5.6341208935,-22.2706762152,-32.8637631151,-36.1937683075
2001-11-06,-4.67320135088,-23.6607193536,-35.1894629303,-34.0318658892
2001-11-07,-3.23532695728,-23.5935346786,-34.2561270848,-31.8288249658
2001-11-08,-2.87827291648,-24.041354571,-34.3726687579,-32.3166244361
2001-11-09,-2.14671097185,-24.6422404722,-34.0041651543,-32.6182944404
2001-11-10,-2.3717927667,-24.1588179615,-34.5700258901,-33.4531337224
2001-11-11,-1.59311026016,-24.0348210696,-35.0921270697,-34.5626568857
2001-11-12,-3.17851967209,-24.9773634526,-33.289988182,-33.5276874815
2001-11-13,-3.02363718154,-25.3430062203,-31.9986514276,-33.9403321222
2001-11-14,-1.39191542914,-25.3971298901,-29.4065540217,-35.7986302827
2001-11-15,-0.957663984106,-24.032436618,-30.4792055892,-36.0805466056
2001-11-16,-0.126105045045,-22.1199714418,-31.4427415505,-36.753105401
2001-11-17,-1.95977918663,-21.9440832146,-32.2629967306,-36.3971619997
2001-11-18,-2.13994057617,-21.552304022,-32.8524894401,-34.2888618494
2001-11-19,-1.29067466502,-20.2629073152,-33.4858092096,-35.0574795304
2001-11-20,-1.64961156768,-20.3062665445,-33.936113194,-34.6531802285
2001-11-21,-0.658721107078,-22.350058878,-34.2556650935,-34.4264995001
2001-11-22,-3.23063012598,-18.9293670437,-34.3795575317,-34.1791246618
2001-11-23,-3.64477805009,-17.0117040772,-34.4394498995,-34.2351798041
2001-11-24,-3.77738637417,-16.9497269732,-36.0143023756,-35.0960807833
2001-11-25,-4.25363620381,-16.4362896246,-36.1825539732,-35.0737331387
2001-11-26,-4.29574078523,-14.9670171697,-34.773605593,-34.5896674164
2001-11-27,-4.6262246937,-15.3622807485,-34.2436802927,-35.8416169376
2001-11-28,-3.63757881914,-13.951115105,-34.8013657506,-36.9251842891
2001-11-29,-5.62358965706,-14.4977269054,-34.6563327164,-35.7004803716
2001-11-30,-5.33170576211,-16.705161431,-34.2806138807,-35.6874773303
2001-12-01,-5.56169585983,-15.4659752837,-34.5541950984,-34.985650705
2001-12-02,-5.85393000539,-15.5713023903,-34.1520395629,-35.13326731
2001-12-03,-5.88976440046,-15.8103054705,-33.2680227595,-35.7240260854
2001-12-04,-8.83242750519,-15.8088074309,-31.1441364975,-33.4912812885
2001-12-05,-9.92222302813,-15.5368369385,-30.0142882824,-33.3451013838
2001-12-06,-8.99865587598,-17.175079339,-29.1740777851,-33.4827093045
2001-12-07,-9.5935252825,-17.7392964394,-27.0346398886,-33.3339896356
2001-12-08,-9.88068471062,-17.3963788143,-27.7423804181,-32.7754529988
2001-12-09,-9.07988669824,-17.3398633533,-28.8238057459,-32.3781018608
2001-12-10,-10.9369322711,-18.2328107509,-29.5398245519,-32.9423201924
2001-12-11,-12.0134959413,-19.7839958267,-29.8550780945,-32.381465389
2001-12-12,-12.2406781612,-19.5633711949,-28.9224835838,-33.2635315211
2001-12-13,-14.4060348308,-19.6882104737,-29.1872309999,-32.2354399258
2001-12-14,-14.9726301176,-19.2855576148,-26.8599884836,-31.7774793693
2001-12-15,-14.799601108,-20.3611817749,-27.4739341181,-32.3029681048
2001-12-16,-14.3448336291,-20.6640639912,-29.3290250033,-32.6668241622
2001-12-17,-13.3211978627,-18.9070015929,-29.8017611994,-32.6941163473
2001-12-18,-11.7784433303,-18.0029305243,-28.6921343219,-32.5272418455
2001-12-19,-12.3802758895,-18.7861030433,-27.2794710413,-31.4225615681
2001-12-20,-13.6148278155,-18.5121402789,-28.8613609727,-32.0171662117
2001-12-21,-12.1796748633,-19.6148292097,-29.8714339392,-30.6387035613
2001-12-22,-12.4970179448,-19.3890906659,-28.9316762774,-31.7803516319
2001-12-23,-15.519939005,-20.1398894812,-28.2669782024,-31.4134880731
2001-12-24,-15.183552801,-20.5769176071,-27.8087948254,-32.4103160149
2001-12-25,-15.2018686767,-19.2956071824,-27.5939451303,-32.8908518772
2001-12-26,-15.3570473065,-18.7212209909,-28.4607012426,-31.3250924569
2001-12-27,-15.5253075326,-18.4087839529,-28.3723714898,-31.6839895574
2001-12-28,-18.1453496531,-16.4894910429,-28.2714558285,-31.5687419911
2001-12-29,-18.398720016,-16.3011978988,-27.0050400499,-30.9319929341
2001-12-30,-18.4911883649,-15.8936784607,-26.3533858632,-32.2772761135
2001-12-31,-18.1052401607,-17.0151414145,-26.0875231784,-32.1709534686
2002-01-01,-17.3152412095,-15.6312620195,-25.9501266086,-31.461681246
2002-01-02,-17.4979649612,-16.4857312676,-25.8222086443,-32.4727797281
2002-01-03,-17.6205179247,-17.7553973324,-25.6210959041,-33.7933598297
2002-01-04,-18.8723399044,-18.5714612284,-25.6158023431,-32.3473459901
2002-01-05,-17.5707120207,-19.0433457216,-26.0009732139,-33.2754036453
2002-01-06,-19.8674178052,-18.5636535463,-25.6227571571,-34.78324529
2002-01-07,-21.3595400969,-15.8122438373,-24.5978564246,-33.8403657658
2002-01-08,-21.6877754832,-15.4891621444,-25.8292944534,-34.5200815212
2002-01-09,-22.2019285651,-14.9749878875,-27.8773616871,-35.1594678815
2002-01-10,-22.8496606111,-16.5142349611,-27.9197271932,-36.1223090675
2002-01-11,-23.6918000739,-17.6355756112,-28.2065517434,-35.4646064089
2002-01-12,-22.4917347002,-18.5248635739,-27.6631213587,-32.721903792
2002-01-13,-20.8092385646,-19.0607664952,-27.770956958,-31.065939083
2002-01-14,-20.9070206185,-18.1846207949,-27.8848134334,-30.7774689351
2002-01-15,-20.3306583813,-17.6935395013,-28.1758782399,-31.3083518615
2002-01-16,-19.3466975635,-17.7373156441,-27.5438715969,-31.3706512175
2002-01-17,-18.5822018353,-17.5173718354,-26.9889235001,-31.569814142
2002-01-18,-16.5615896982,-17.1230041478,-26.8656321163,-29.6655646377
2002-01-19,-18.4111915043,-16.8449521493,-25.3795266504,-29.0240949314
2002-01-20,-18.7200582487,-15.1479334394,-25.1139213437,-26.8024361562
2002-01-21,-18.0805482454,-14.5446417992,-25.4412928642,-27.0275960071
2002-01-22,-19.193227437,-16.5642407221,-24.4527552409,-27.7287094101
2002-01-23,-17.9846836019,-15.6795064962,-24.6390547201,-27.4086703435
2002-01-24,-17.874271329,-13.9335323821,-25.0706363725,-26.9427536723
2002-01-25,-19.1385669301,-11.4110071073,-27.0245584053,-27.9088723741
2002-01-26,-19.5559086583,-11.7801031631,-24.6090092085,-27.2627201619
2002-01-27,-21.0250838954,-10.5276581366,-24.8522796114,-27.7605147602
2002-01-28,-21.2065171891,-11.1355129573,-24.6471464117,-27.9139075854
2002-01-29,-21.1335716497,-9.08164484524,-24.9314070162,-28.1004577762
2002-01-30,-21.9176721159,-7.91505830859,-24.5094167488,-29.0507415902
2002-01-31,-21.172592356,-7.6977597006,-25.0233915286,-29.910445408
2002-02-01,-22.3017500175,-6.88538293675,-23.5061181561,-28.011912048
2002-02-02,-21.688022941,-6.92849952942,-22.0016849813,-28.8531589254
2002-02-03,-20.6877637236,-5.9303243287,-22.5710386992,-28.8109337861
2002-02-04,-20.3416461197,-5.64535322699,-24.0757584246,-31.4233667324
2002-02-05,-22.0420957182,-5.21008914947,-24.1971363015,-31.8223046663
2002-02-06,-22.3411144949,-4.76329217281,-25.2242777808,-31.7846099051
2002-02-07,-22.0829168451,-4.22138689724,-24.5861083543,-30.0228990267
2002-02-08,-21.5519684033,-3.84600203386,-24.245965792,-30.6300309427
2002-02-09,-20.8319852455,-3.01011503561,-25.0634434545,-31.3412577093
2002-02-10,-20.3169718826,-4.04556901219,-25.2560004961,-33.8546123294
2002-02-11,-21.2173803754,-2.20857078832,-25.3772911176,-33.1378379193
2002-02-12,-21.6862654403,-2.01789069531,-25.5518704838,-33.6518459062
2002-02-13,-21.8887951251,-1.3235513517,-24.1127988935,-32.0439065361
2002-02-14,-22.4333779897,-1.11639402855,-25.2021826888,-33.0155239331
2002-02-15,-21.6568109674,-1.47351592585,-25.1644522145,-33.1042223557
2002-02-16,-21.667187855,-0.235443226104,-24.9918774328,-32.2696137991
2002-02-17,-20.8147616366,0.876530669101,-24.8689758535,-32.2192186711
2002-02-18,-19.2839358611,1.12606330055,-25.7291750952,-32.8526438876
2002-02-19,-17.8680545703,1.46771801025,-26.5914425505,-33.5857309834
2002-02-20,-18.7024624985,2.46956168166,-27.7139058085,-33.065471338
2002-02-21,-17.099285966,1.45103686941,-26.2356491407,-33.2163265879
2002-02-22,-17.5098227334,3.53981757756,-25.7149449791,-31.6951540751
2002-02-23,-16.5193601234,2.94723725909,-27.6902893747,-31.318668727
2002-02-24,-17.1053491277,1.89037792958,-29.2017238125,-31.4549299581
2002-02-25,-16.1498311611,3.01959543439,-27.2759800474,-30.2527067463
2002-02-26,-16.4540907235,4.49841976015,-27.562832578,-31.3090876502
2002-02-27,-16.3708198896,4.52489899144,-27.3825693766,-29.4552983899
2002-02-28,-13.3476904655,6.12538873894,-25.305193144,-27.4364010753
2002-03-01,-12.566975802,5.16812428218,-27.6421797989,-26.6525855732
2002-03-02,-11.7324057537,4.90581598676,-26.509376634,-28.360669315
2002-03-03,-13.2744333725,5.86944935868,-26.2223438299,-28.2770918535
2002-03-04,-13.1097506699,5.68857023422,-25.296223736,-26.9816836163
2002-03-05,-14.8194422422,6.26904022179,-25.3134439893,-27.4339915699
2002-03-06,-15.7408087655,6.79810435994,-26.1025018193,-28.4228834214
2002-03-07,-15.9447031845,8.30063758681,-26.0842716698,-29.7506778193
2002-03-08,-16.7473680024,8.94649352596,-25.4916494945,-30.0228545892
2002-03-09,-17.7481635312,8.80468744376,-25.1033043342,-31.8954829283
2002-03-10,-16.6905616989,8.64818285978,-24.1198813686,-32.5333507193
2002-03-11,-18.1939713305,8.7297678162,-25.4502687427,-33.7278231271
2002-03-12,-17.7247541381,8.20913818796,-24.8344736798,-33.0466661841
2002-03-13,-20.0981074763,7.33865713014,-26.4135588184,-33.1075726834
2002-03-14,-20.0760478496,6.13584239309,-27.574399842,-32.5519393478
2002-03-15,-21.9113146826,5.36192091718,-26.3621596512,-33.3225804019
2002-03-16,-23.6847291448,4.55460995255,-26.3282725133,-33.4242444648
2002-03-17,-24.3810291963,5.24176741956,-26.8121448306,-32.6691882308
2002-03-18,-24.1222514139,3.79523084072,-27.5312793867,-31.1326782483
2002-03-19,-23.4092455352,4.15224145366,-25.6523600395,-31.2226905542
2002-03-20,-23.3458540985,4.12613962924,-26.5156180205,-31.6045723327
2002-03-21,-22.5977812179,4.61568799298,-25.1784913512,-32.1262581456
2002-03-22,-21.3361928032,4.60245365822,-24.0692026088,-32.4007213833
2002-03-23,-20.9282863794,4.08926579363,-23.4126354437,-33.514325079
2002-03-24,-19.9990890493,5.09293681201,-23.3650211724,-34.1905436924
2002-03-25,-18.79142604,5.76249530314,-23.3288224334,-33.8061577722
2002-03-26,-16.7913956427,3.64816531136,-22.7139528513,-33.901384639
2002-03-27,-15.0707070412,4.27073621995,-22.7049641155,-35.6847218292
2002-03-28,-16.6873939544,3.62862489511,-23.1409891827,-36.3305263938
2002-03-29,-16.3640640676,3.49089317303,-22.1916791946,-35.8796047439
2002-03-30,-15.3643145414,5.0029840928,-23.2470033007,-36.3482620416
2002-03-31,-16.3347916425,4.22895366098,-25.6136765872,-37.4971436415
2002-04-01,-17.6199929869,3.14290408264,-24.5450484902,-36.1305024561
2002-04-02,-16.8062760948,3.66409502243,-24.1432210205,-35.6975085394
2002-04-03,-16.9470529424,3.81689955468,-23.0811468396,-35.5657047842
2002-04-04,-17.1910947445,2.90363339146,-22.4630153209,-37.0364114263
2002-04-05,-16.4545083716,2.51610623441,-23.882437137,-37.4705737302
2002-04-06,-15.8856540874,2.98852149827,-23.3503031907,-35.9646606237
2002-04-07,-15.0948932586,3.15743007867,-22.5727200024,-36.4842068296
2002-04-08,-14.8113937711,1.96929518638,-21.7248942932,-35.3469427191
2002-04-09,-14.907402886,2.99282854077,-22.7686561294,-34.9675312056
2002-04-10,-16.044250894,4.08132009792,-22.2690064313,-35.1578437233
2002-04-11,-16.5335069048,5.45982001288,-21.6449116626,-35.3125052497
2002-04-12,-15.7469042643,6.55327845367,-20.6165305386,-35.9235544168
2002-04-13,-13.8164798436,5.33053790641,-20.4145380767,-35.4002770379
2002-04-14,-14.1974082226,6.09368977498,-19.9273928221,-35.3661387179
2002-04-15,-15.8592971938,6.84778964072,-20.3754975894,-36.7238193442
2002-04-16,-15.0362197748,7.77360602453,-21.9951275685,-37.7276769118
2002-04-17,-17.2287518303,8.45145148953,-23.1069529647,-38.9493290008
2002-04-18,-16.2254021648,8.98177758191,-23.8348434588,-39.5232634966
2002-04-19,-15.5635920313,8.5438397491,-25.072253324,-38.2438977942
2002-04-20,-16.381755641,7.6952973869,-26.7896802905,-36.96659869
2002-04-21,-16.6306461346,7.08190123287,-28.0355188496,-36.964019174
2002-04-22,-17.0030796899,5.50094818314,-27.8209577915,-37.4049232726
2002-04-23,-17.0228252953,6.18386548833,-26.4525318473,-37.6845365412
2002-04-24,-17.4839113786,5.91267242816,-27.0759252725,-38.0238991988
2002-04-25,-17.8592445071,5.3365151402,-26.6622667492,-37.7826180264
2002-04-26,-18.5081248547,7.51522726283,-26.9948145747,-37.6552896326
2002-04-27,-17.1497659083,5.66969623605,-26.7892850053,-39.8039677891
2002-04-28,-17.8080799703,3.94514511852,-26.2508593442,-39.440097349
2002-04-29,-19.6174749493,3.05651664848,-26.2629499805,-41.7903736929
2002-04-30,-20.1212682865,4.58192367046,-27.4438232545,-43.4092206427
2002-05-01,-21.4778772155,2.39041092639,-26.9343822661,-43.0747603345
2002-05-02,-21.9384154886,2.4239442468,-28.7753080709,-42.7643424057
2002-05-03,-22.0809610609,3.15020451736,-29.2636890982,-43.1949233074
2002-05-04,-21.3491572099,3.74446947369,-29.1006399123,-44.3085660104
2002-05-05,-22.3417467214,4.12216405666,-29.1613721903,-45.0171519706
2002-05-06,-20.5644147866,2.91355709584,-27.9655947623,-46.6796669373
2002-05-07,-19.5573071784,4.56781255158,-26.6720450567,-46.0397914995
2002-05-08,-19.3468776237,3.26560881966,-27.8191011329,-46.7480863046
2002-05-09,-20.2916046866,2.7398636931,-26.4426931393,-46.4334379859
2002-05-10,-18.4213345589,2.99885468397,-28.1713468092,-46.206913861
2002-05-11,-18.5107616999,1.9390592647,-28.9946921879,-47.3449139007
2002-05-12,-18.359039674,3.29671438672,-29.436513027,-47.1141086255
2002-05-13,-18.6127726521,4.02338979237,-29.6883290621,-46.8667400281
2002-05-14,-16.5196096082,4.20003177206,-30.8830788496,-47.3789654977
2002-05-15,-16.9752001406,4.78334034228,-29.0852809846,-46.2454479324
2002-05-16,-17.5241946082,4.69759479433,-30.9881310973,-47.1176941106
2002-05-17,-19.07063,3.5628480225,-29.8037125109,-45.3413232179
2002-05-18,-18.5720440715,1.97855799892,-32.9209706761,-44.9607025618
2002-05-19,-17.0421312169,1.91241631715,-33.1538139286,-45.0872523349
2002-05-20,-16.3124598769,3.41424533402,-34.2775884746,-44.217254446
2002-05-21,-17.2269088097,2.75656926755,-34.9089805674,-43.8234530551
2002-05-22,-17.9937623562,2.14693444628,-34.3455898081,-42.0328051104
2002-05-23,-16.1999346495,2.46241899921,-34.8209851138,-42.1726036778
2002-05-24,-16.167726716,1.34795539751,-34.4062845279,-42.7646984405
2002-05-25,-15.5896868551,1.24280106496,-36.3129163624,-45.0510917776
2002-05-26,-14.7866504881,0.97426191238,-37.031685002,-46.6940121899
2002-05-27,-16.1090219674,1.57387049835,-37.2065907205,-47.0463960453
2002-05-28,-15.555923884,1.77633384092,-38.3948443171,-46.0169579572
2002-05-29,-16.4047392741,2.26637355921,-37.1296597468,-46.3676596749
2002-05-30,-15.5107489791,1.95218720233,-36.5497679184,-45.5471755892
2002-05-31,-16.671917322,1.88866733651,-38.4881880601,-44.5388646377
2002-06-01,-17.698358816,2.45085740343,-38.6011394774,-44.094285559
2002-06-02,-17.3325777522,2.04433725967,-39.274379376,-43.3813870883
2002-06-03,-16.1757426645,3.4378172434,-40.3108129884,-43.8233410795
2002-06-04,-15.2242376265,2.34526805501,-39.6422920463,-44.6897728885
2002-06-05,-14.4406125065,2.8757666547,-39.1834409499,-45.3591768
2002-06-06,-13.7194286298,1.08073631343,-39.9649462633,-45.8893711254
2002-06-07,-13.234532173,2.36046763075,-39.8741398261,-45.7763218625
2002-06-08,-11.5917126055,3.6873375408,-39.4715451527,-44.9198639423
2002-06-09,-10.4975085573,3.53684874774,-37.9347617546,-44.4999133773
2002-06-10,-9.39815035397,3.46279470162,-40.0150244346,-45.7863161934
2002-06-11,-6.61989580714,2.14581850145,-40.6501914489,-47.4638232671
2002-06-12,-6.66221144745,1.88453133672,-39.9582865801,-47.8602193097
2002-06-13,-5.56828624212,1.00670472054,-37.5319734017,-47.0335896263
2002-06-14,-4.67849319904,2.17081051688,-39.3983267093,-48.2899718137
2002-06-15,-4.47695066936,2.39916438195,-41.1045966416,-46.9654234911
2002-06-16,-3.33797410068,3.61162988118,-40.1324810322,-47.8963498272
2002-06-17,-0.664660073091,3.42528601138,-41.7872556003,-47.816704963
2002-06-18,-1.35659688661,4.71187542006,-41.6886434507,-47.0842403018
2002-06-19,-0.452044351969,5.33077514128,-42.3051476801,-48.7641936155
2002-06-20,0.0224954595723,5.97015331744,-42.3445755649,-46.7803254621
2002-06-21,0.0858601981813,5.36745657904,-42.0979548094,-46.7124319965
2002-06-22,-1.06994215669,4.92739527416,-43.3706619761,-45.567365442
2002-06-23,0.681778488249,4.70815745854,-43.5220688383,-46.8560118926
2002-06-24,-0.395113732517,3.7211069694,-43.4834957378,-46.8089020535
2002-06-25,0.0607182586495,2.14952210055,-41.8209283921,-46.8121102936
2002-06-26,-1.14326752566,1.39624731374,-41.345281876,-47.4623423126
2002-06-27,-0.893095896356,1.07789523284,-43.2224655245,-47.0995731585
2002-06-28,-0.64202018388,2.85670617496,-43.9510274249,-45.8605024664
2002-06-29,1.03452928102,2.70756648423,-43.3540586045,-46.2773547109
2002-06-30,2.44892464965,4.02373254152,-41.8594864332,-45.136738817
2002-07-01,3.10890093839,3.70710470859,-41.8836427083,-45.7532186489
2002-07-02,2.63926193905,3.20999017916,-41.9066309644,-45.3740061659
2002-07-03,3.62845662265,2.36851676509,-43.7587243332,-46.175258634
2002-07-04,5.0860078159,5.32488751929,-43.2358084359,-45.9061156045
2002-07-05,3.41588672135,4.78500740388,-45.116595403,-45.481791767
2002-07-06,2.75298780248,5.14779091661,-46.0126412118,-45.1449757759
2002-07-07,2.33213224033,5.38956231386,-45.9279314207,-45.1274806935
2002-07-08,2.94008471618,4.90135667741,-45.1204105009,-45.8504598978
2002-07-09,4.49563875392,4.03933216743,-44.3508357215,-44.476054935
2002-07-10,4.37313220354,3.05662301979,-42.5763125195,-46.5465708277
2002-07-11,5.17438316299,3.24975935553,-41.0072710611,-48.8933388201
2002-07-12,5.20244057985,4.51925581614,-40.610722766,-51.1622142863
2002-07-13,3.96333534863,4.03692231081,-41.6259294267,-50.6260985051
2002-07-14,4.67494467206,4.62457094839,-40.0280309484,-50.4887154477
2002-07-15,4.00525461485,5.67184077261,-39.9740578584,-52.3210337435
2002-07-16,5.32542540409,8.13357528896,-40.0832158613,-50.9314070258
2002-07-17,6.27366320297,7.21324616078,-41.1337560678,-50.4949867325
2002-07-18,6.4541785148,6.10684469295,-41.8199335509,-51.0487293941
2002-07-19,5.64791770841,6.37631478364,-41.3541570736,-51.9913528311
2002-07-20,6.44652642578,7.34473870291,-39.482553669,-52.6035988201
2002-07-21,6.37313460533,8.89385197738,-40.7832583755,-52.8473971662
2002-07-22,5.68513043007,8.53072732201,-41.1581193128,-53.5356438518
2002-07-23,3.300713787,9.79160616406,-40.2707905891,-53.9057755041
2002-07-24,2.99496263122,9.39041739275,-37.8562424102,-52.151465078
2002-07-25,1.69214606257,8.4325184769,-36.785910433,-52.8136199462
2002-07-26,1.35824518157,9.60480658309,-37.9461971562,-52.6771409605
2002-07-27,2.05957520005,9.94939092885,-37.7083890972,-52.9364894256
2002-07-28,0.574672936967,8.82656867114,-38.2869885329,-51.4537788278
2002-07-29,0.387842907488,8.83899768912,-38.1832891445,-50.8671859347
2002-07-30,-0.361210896165,8.84496337355,-38.8036225338,-52.0868211345
2002-07-31,-0.191441518793,9.57860776088,-37.3124068013,-53.3908609919
2002-08-01,-0.288050707066,10.3217664803,-37.4153234408,-52.5054427633
2002-08-02,0.165934135551,11.5929994812,-36.4046212727,-51.9538487273
2002-08-03,0.123258509881,11.7488563409,-37.3939164973,-53.1422267604
2002-08-04,-0.334884829561,11.7975990295,-37.5477836282,-52.3035771392
2002-08-05,0.728361185002,11.3813010704,-37.3042140451,-54.2864774563
2002-08-06,0.862509794036,11.0103539764,-36.4771315757,-52.5932132781
2002-08-07,-0.79499014139,12.1365633243,-37.4000101891,-52.5022985375
2002-08-08,-0.812849092352,12.1067108269,-37.4451314981,-51.2832161692
2002-08-09,-0.898762397689,10.6358788891,-36.1828707989,-51.636595337
2002-08-10,-1.44508872744,8.8015469348,-36.3982582448,-52.2296362261
2002-08-11,-1.76504146313,8.06006956286,-35.5183415804,-52.8124335114
2002-08-12,-2.02785781012,6.22443335463,-35.2482219401,-51.6895417018
2002-08-13,-2.44361049387,6.41548454506,-35.2989318347,-50.6196297165
2002-08-14,-4.52241721878,7.1032644232,-34.6719311585,-49.4274198232
2002-08-15,-3.20087994036,6.35356693604,-35.8259093519,-48.5679982633
2002-08-16,-1.68304670932,5.84418073048,-35.7187609469,-48.6122207686
2002-08-17,-2.39421283425,5.14976683818,-35.5991442485,-48.6291479243
2002-08-18,-3.71661505929,4.99702907917,-34.1482561611,-47.7757273315
2002-08-19,-2.8112220102,5.64349674182,-34.6384867726,-48.653729692
2002-08-20,-2.14976318572,5.47895529094,-34.8721257531,-48.6093498947
2002-08-21,-3.37316653314,5.20720363167,-34.448234578,-49.0682330054
2002-08-22,-4.77706381017,6.02900527818,-33.6999939088,-49.4530112874
2002-08-23,-4.20858604333,7.18364655306,-33.8024742042,-50.4038503926
2002-08-24,-3.99139522038,6.47710895525,-36.6933793471,-51.7472267848
2002-08-25,-3.16462796011,5.18212339863,-36.6898429815,-51.8074826166
2002-08-26,-3.45720285722,5.24321527283,-34.6334831895,-50.8542417593
2002-08-27,-1.95159810362,3.32020543781,-33.4096428538,-52.1244293939
2002-08-28,-1.77399872349,2.06792266629,-32.7073047619,-51.9813959088
2002-08-29,-1.09591048069,1.4871906909,-32.7399714996,-53.304639959
2002-08-30,-1.70469589447,1.29335162183,-32.493875111,-53.4983866344
2002-08-31,-3.71102163538,1.00824479462,-32.9372202545,-53.9742831905
2002-09-01,-2.00962696956,1.8879790538,-31.8698932794,-54.8180314436
2002-09-02,-2.89956084952,2.8349858373,-31.2826100989,-56.2274835855
2002-09-03,-3.62683433301,2.92383985069,-30.7011091527,-54.9478891476
2002-09-04,-3.09712648509,2.50926710747,-30.5026807328,-53.9861445344
2002-09-05,-2.34730554894,2.64911275466,-30.7089348921,-54.2187719616
2002-09-06,-3.21023212358,3.40381164144,-31.2831986828,-53.5521155606
2002-09-07,-4.9054690932,3.32998441295,-31.1771686972,-52.5269359315
2002-09-08,-4.67216399413,3.86433076553,-29.5077952007,-52.16652848
2002-09-09,-4.90183885987,3.4435930258,-30.6535344181,-53.0010231999
2002-09-10,-5.15151142365,4.16875747088,-28.8683961119,-51.3838049542
2002-09-11,-5.87380054784,4.10842857188,-28.2389840103,-52.8876174611
2002-09-12,-5.92266653851,4.5422481828,-28.5705224275,-52.6512694513
2002-09-13,-6.02702600458,3.84934563816,-27.9293778959,-52.5969812519
2002-09-14,-6.04047330629,3.5058940429,-29.2996830565,-54.2397620897
2002-09-15,-5.53674088994,2.92020904502,-29.9643228736,-55.6063570456
2002-09-16,-4.77329438252,4.78204295386,-31.2017915272,-54.1846068456
2002-09-17,-3.12520870086,4.55924503876,-31.9925592616,-54.3470330436
2002-09-18,-3.10573402111,6.92981360678,-30.8880021347,-54.3974268552
2002-09-19,-4.17753632987,7.41038599197,-30.9040066878,-53.9192971955
2002-09-20,-4.53026053767,7.80680392701,-31.8903665901,-53.7729220497
2002-09-21,-5.64164942607,9.00548114111,-31.7758084272,-54.0851731196
2002-09-22,-5.96851797812,8.86464243006,-29.651049769,-54.7745693425
2002-09-23,-5.30497364732,7.92857528045,-29.5845146471,-56.7667663053
2002-09-24,-3.64342491323,7.15972749407,-29.095424996,-57.7661842918
2002-09-25,-4.45984207032,6.58810919606,-30.1068944676,-57.0743581698
2002-09-26,-5.7546927349,7.1326934781,-29.7478049769,-56.8670352161
